TRUNCATE TABLE users;
TRUNCATE TABLE roles;
TRUNCATE TABLE class;
TRUNCATE TABLE notes;
TRUNCATE TABLE students;
TRUNCATE TABLE teachers;
TRUNCATE TABLE grades;
TRUNCATE TABLE student_class;

-- INSERT USER VALUES-----
insert into users (id_user, pass, id_rol_fk, email) values (1, 'P3ege6crJ', 1, 'ocrocroft0@dailymail.co.uk');
insert into users (id_user, pass, id_rol_fk, email) values (2, '3BZbEjtY', 2, 'lruthen1@sitemeter.com');
insert into users (id_user, pass, id_rol_fk, email) values (3, 'tKXLiZlkHH', 2, 'ipundy2@virginia.edu');
insert into users (id_user, pass, id_rol_fk, email) values (4, 'ENhQIBSIiU8', 2, 'sworviell3@eepurl.com');
insert into users (id_user, pass, id_rol_fk, email) values (5, 'li4uOCQ', 2, 'acartmael4@china.com.cn');
insert into users (id_user, pass, id_rol_fk, email) values (6, 'mXVibIbDNj04', 2, 'apettecrew5@tripadvisor.com');
insert into users (id_user, pass, id_rol_fk, email) values (7, 'tZZdjAMGuRe', 2, 'hreffe6@stanford.edu');
insert into users (id_user, pass, id_rol_fk, email) values (8, 'GupzeGWQ', 3, 'sfelipe7@nbcnews.com');
insert into users (id_user, pass, id_rol_fk, email) values (9, 'bBg7fdtbw', 3, 'asheron8@ca.gov');
insert into users (id_user, pass, id_rol_fk, email) values (10, 'fttuI4DddH0C', 3, 'osprowle9@eventbrite.com');
insert into users (id_user, pass, id_rol_fk, email) values (11, 'YshDm6OCvijk', 3, 'lcastelina@si.edu');
insert into users (id_user, pass, id_rol_fk, email) values (12, 'NQ2ZeEAdzQ', 3, 'aseviorb@newyorker.com');
insert into users (id_user, pass, id_rol_fk, email) values (13, '8lfEfXjlD8Ae', 3, 'cgertyc@who.int');
insert into users (id_user, pass, id_rol_fk, email) values (14, 'qvYd9hJWn7b', 3, 'swadied@ft.com');
insert into users (id_user, pass, id_rol_fk, email) values (15, '1I9WVizJEsp', 3, 'pzapatere@ovh.net');
insert into users (id_user, pass, id_rol_fk, email) values (16, 'NtFdgCgh', 3, 'mmanhoodf@ox.ac.uk');
insert into users (id_user, pass, id_rol_fk, email) values (17, 'CjHcMP', 3, 'bsheadg@engadget.com');
insert into users (id_user, pass, id_rol_fk, email) values (18, '4bOfr3ovmG', 3, 'pcrostonh@eepurl.com');
insert into users (id_user, pass, id_rol_fk, email) values (19, 'OBsZGpMG', 3, 'bchaffyni@senate.gov');
insert into users (id_user, pass, id_rol_fk, email) values (20, 'KBYPJ3spcPNH', 3, 'tdelloydj@mashable.com');
insert into users (id_user, pass, id_rol_fk, email) values (21, '49hiJbRXd12', 3, 'sduffieldk@phoca.cz');
insert into users (id_user, pass, id_rol_fk, email) values (22, 'GvFfwG5Y6W', 3, 'bsansunl@furl.net');
insert into users (id_user, pass, id_rol_fk, email) values (23, 'tHa34H', 3, 'atryem@bbb.org');
insert into users (id_user, pass, id_rol_fk, email) values (24, 'xzWBrpVwYhmw', 3, 'lhenlonn@usatoday.com');
insert into users (id_user, pass, id_rol_fk, email) values (25, 'xnqP9aYqbR', 3, 'bcutlero@wordpress.com');
insert into users (id_user, pass, id_rol_fk, email) values (26, 'LPka2jnY0sH', 3, 'kdrinkhallp@ftc.gov');
insert into users (id_user, pass, id_rol_fk, email) values (27, 'XqryEvbsRdeR', 3, 'bsadryq@google.com.br');
insert into users (id_user, pass, id_rol_fk, email) values (28, 'ITA6LIfjyCA', 3, 'kmansfieldr@google.ca');
insert into users (id_user, pass, id_rol_fk, email) values (29, '9W1ZEQIVWD', 3, 'kgodbys@vimeo.com');
insert into users (id_user, pass, id_rol_fk, email) values (30, '3AgowEhG', 3, 'dlangant@addthis.com');
insert into users (id_user, pass, id_rol_fk, email) values (31, 'dhhL0dPeD9', 3, 'btuckwellu@unicef.org');
insert into users (id_user, pass, id_rol_fk, email) values (32, 'VE68AU', 3, 'dmcclurev@washington.edu');
insert into users (id_user, pass, id_rol_fk, email) values (33, '4onlKgHstLG2', 3, 'adagostiniw@theglobeandmail.com');
insert into users (id_user, pass, id_rol_fk, email) values (34, 'yidyJ2xmpV', 3, 'jtethcotex@furl.net');
insert into users (id_user, pass, id_rol_fk, email) values (35, 'X7UZs0jE4df2', 3, 'hinsealy@independent.co.uk');
insert into users (id_user, pass, id_rol_fk, email) values (36, 'wFFFRt', 3, 'csalvatiz@yale.edu');
insert into users (id_user, pass, id_rol_fk, email) values (37, 'Sf3ONpps1VI', 3, 'jmaha10@naver.com');
insert into users (id_user, pass, id_rol_fk, email) values (38, '5iLzqVwCKe', 3, 'zmitchel11@cisco.com');
insert into users (id_user, pass, id_rol_fk, email) values (39, 'aQV4TR7H7', 3, 'rwebberley12@parallels.com');
insert into users (id_user, pass, id_rol_fk, email) values (40, '63275z', 3, 'beveril13@is.gd');
insert into users (id_user, pass, id_rol_fk, email) values (41, 'E1FSva2YR', 3, 'rcouvet14@mayoclinic.com');
insert into users (id_user, pass, id_rol_fk, email) values (42, 'yaYSYZMYQB', 3, 'mrosell15@amazon.co.uk');
insert into users (id_user, pass, id_rol_fk, email) values (43, '6MRKFHz', 3, 'aplampeyn16@google.co.uk');
insert into users (id_user, pass, id_rol_fk, email) values (44, 'hDxgzBVQ4', 3, 'cjobbing17@comcast.net');
insert into users (id_user, pass, id_rol_fk, email) values (45, 'eP3K3W7', 3, 'bhiscocks18@flavors.me');
insert into users (id_user, pass, id_rol_fk, email) values (46, 'o7MzWl9', 3, 'dgundry19@facebook.com');
insert into users (id_user, pass, id_rol_fk, email) values (47, 'cl2fqF369Qm', 3, 'zhymus1a@businessweek.com');
insert into users (id_user, pass, id_rol_fk, email) values (48, 'S1uRBZ', 3, 'dsavatier1b@mashable.com');
insert into users (id_user, pass, id_rol_fk, email) values (49, 'cJedCJ1', 3, 'hflew1c@blog.com');
insert into users (id_user, pass, id_rol_fk, email) values (50, 'ucIpbN2Fkm', 3, 'erummin1d@rakuten.co.jp');

--- INSERT ROL VALUES ---
insert into roles (id_roles,name_rol) values (1,'ADMIN');
insert into roles (id_roles,name_rol) values (2,'Maestro');
insert into roles (id_roles,name_rol) values (3,'Alumno');
--- INSERT CLASS VALUES ---
insert into class (name_class) values ('Astronomía');
insert into class (name_class) values ('Biología');
insert into class (name_class) values ('Biomedicina');
insert into class (name_class) values ('Ciencia de materiales');
insert into class (name_class) values ('Ciencias Ambientales');
insert into class (name_class) values ('Ciencias básicas');
insert into class (name_class) values ('Ciencias de la Tierra');
--- INSERT NOTES VALUES ---

--- INSERT STUDENTS VALUES ---
insert into students (id_student, id_user_fk, first_name, last_name, address, birth_date, DNI) values (1, 9, 'Bryon', 'McGookin', '55 Hovde Drive', '12/2/2003', '7422671157');
insert into students (id_student, id_user_fk, first_name, last_name, address, birth_date, DNI) values (2, 10, 'Eddi', 'Jursch', '50896 Morning Pass', '10/27/2018', '6598222028');
insert into students (id_student, id_user_fk, first_name, last_name, address, birth_date, DNI) values (3, 11, 'Aurthur', 'Deeth', '2288 Granby Street', '9/23/2009', '5945491241');
insert into students (id_student, id_user_fk, first_name, last_name, address, birth_date, DNI) values (4, 12, 'Rex', 'Dragge', '99 Kensington Parkway', '5/27/2014', '1871813719');
insert into students (id_student, id_user_fk, first_name, last_name, address, birth_date, DNI) values (5, 13, 'Colin', 'Floodgate', '901 Autumn Leaf Circle', '2/26/2015', '7621099038');
insert into students (id_student, id_user_fk, first_name, last_name, address, birth_date, DNI) values (6, 14, 'Emily', 'Chapellow', '481 Bellgrove Lane', '12/4/2005', '1331236509');
insert into students (id_student, id_user_fk, first_name, last_name, address, birth_date, DNI) values (7, 15, 'Blinni', 'MacCole', '103 Bartelt Drive', '4/12/2018', '6940893490');
insert into students (id_student, id_user_fk, first_name, last_name, address, birth_date, DNI) values (8, 16, 'Tanney', 'Kenan', '01 Esch Way', '12/17/2003', '2328831540');
insert into students (id_student, id_user_fk, first_name, last_name, address, birth_date, DNI) values (9, 17, 'Madlin', 'Crips', '38 Delladonna Crossing', '3/13/2005', '6389277431');
insert into students (id_student, id_user_fk, first_name, last_name, address, birth_date, DNI) values (10, 18, 'Steward', 'Onraet', '662 Butterfield Point', '10/15/2013', '6495930216');
insert into students (id_student, id_user_fk, first_name, last_name, address, birth_date, DNI) values (11, 19, 'Cassy', 'Usmar', '27483 Orin Center', '12/13/2016', '1683850521');
insert into students (id_student, id_user_fk, first_name, last_name, address, birth_date, DNI) values (12, 20, 'Saunderson', 'Brecon', '66 Hintze Parkway', '3/4/2017', '5768874968');
insert into students (id_student, id_user_fk, first_name, last_name, address, birth_date, DNI) values (13, 21, 'Brady', 'Trubshaw', '5730 Nova Crossing', '9/16/2005', '7264692795');
insert into students (id_student, id_user_fk, first_name, last_name, address, birth_date, DNI) values (14, 22, 'Bradney', 'Shurville', '83768 Iowa Road', '1/2/2011', '6535039447');
insert into students (id_student, id_user_fk, first_name, last_name, address, birth_date, DNI) values (15, 23, 'Pall', 'Chadwell', '783 Katie Terrace', '5/4/2004', '9731293310');
insert into students (id_student, id_user_fk, first_name, last_name, address, birth_date, DNI) values (16, 24, 'Syman', 'Gummary', '65667 Manley Street', '11/27/2012', '6415532901');
insert into students (id_student, id_user_fk, first_name, last_name, address, birth_date, DNI) values (17, 25, 'Vin', 'Potkins', '449 Fallview Road', '1/23/2019', '0386178569');
insert into students (id_student, id_user_fk, first_name, last_name, address, birth_date, DNI) values (18, 26, 'Staford', 'Aiston', '32013 Waxwing Lane', '11/8/2007', '4049158752');
insert into students (id_student, id_user_fk, first_name, last_name, address, birth_date, DNI) values (19, 27, 'Sunny', 'Abrahart', '39 Grim Pass', '3/17/2017', '1411928482');
insert into students (id_student, id_user_fk, first_name, last_name, address, birth_date, DNI) values (20, 28, 'Karim', 'Capsey', '14328 Dahle Point', '11/29/2019', '8123202458');
insert into students (id_student, id_user_fk, first_name, last_name, address, birth_date, DNI) values (21, 29, 'Augy', 'Hickinbottom', '7453 Summerview Crossing', '7/23/2005', '7438766225');
insert into students (id_student, id_user_fk, first_name, last_name, address, birth_date, DNI) values (22, 30, 'Cherilyn', 'Golder', '718 Beilfuss Plaza', '8/13/2006', '0941663086');
insert into students (id_student, id_user_fk, first_name, last_name, address, birth_date, DNI) values (23, 31, 'Thorpe', 'Amsden', '290 Farragut Street', '11/12/2006', '0024897779');
insert into students (id_student, id_user_fk, first_name, last_name, address, birth_date, DNI) values (24, 32, 'Sibley', 'Ghirigori', '7 Northridge Place', '7/16/2002', '5529460658');
insert into students (id_student, id_user_fk, first_name, last_name, address, birth_date, DNI) values (25, 33, 'Adolphus', 'Gascoyen', '255 Petterle Place', '10/6/2018', '1756066809');
insert into students (id_student, id_user_fk, first_name, last_name, address, birth_date, DNI) values (26, 34, 'Krystle', 'Robker', '08127 Dawn Place', '8/10/2018', '1193788889');
insert into students (id_student, id_user_fk, first_name, last_name, address, birth_date, DNI) values (27, 35, 'Gordan', 'Rosevear', '12341 1st Plaza', '2/22/2020', '5826905611');
insert into students (id_student, id_user_fk, first_name, last_name, address, birth_date, DNI) values (28, 36, 'Winnah', 'Parsall', '09 Karstens Lane', '9/21/2016', '9537625907');
insert into students (id_student, id_user_fk, first_name, last_name, address, birth_date, DNI) values (29, 37, 'Lonee', 'Allett', '4 Springview Point', '7/6/2007', '8375561967');
insert into students (id_student, id_user_fk, first_name, last_name, address, birth_date, DNI) values (30, 38, 'Alastair', 'Gayther', '6 Fulton Park', '12/14/2000', '6739797285');
insert into students (id_student, id_user_fk, first_name, last_name, address, birth_date, DNI) values (31, 39, 'Elsy', 'Hadwen', '5047 Almo Point', '4/30/2000', '1399777955');
insert into students (id_student, id_user_fk, first_name, last_name, address, birth_date, DNI) values (32, 40, 'Merwyn', 'Dene', '7 Lighthouse Bay Parkway', '1/15/2012', '2896534873');
insert into students (id_student, id_user_fk, first_name, last_name, address, birth_date, DNI) values (33, 41, 'Amie', 'Robotham', '76729 Manitowish Park', '7/23/2001', '3705493167');
insert into students (id_student, id_user_fk, first_name, last_name, address, birth_date, DNI) values (34, 42, 'Douglas', 'Levy', '4945 Rieder Avenue', '8/26/2013', '1335565523');
insert into students (id_student, id_user_fk, first_name, last_name, address, birth_date, DNI) values (35, 43, 'Sandy', 'Kaley', '7 Armistice Center', '1/22/2014', '5508812342');
insert into students (id_student, id_user_fk, first_name, last_name, address, birth_date, DNI) values (36, 44, 'Cortney', 'Semered', '8344 Bartillon Road', '3/25/2001', '1453495347');
insert into students (id_student, id_user_fk, first_name, last_name, address, birth_date, DNI) values (37, 45, 'Brion', 'Jentet', '5677 Declaration Junction', '5/6/2002', '1069485268');
insert into students (id_student, id_user_fk, first_name, last_name, address, birth_date, DNI) values (38, 46, 'Sarena', 'Dellenbroker', '24504 Glacier Hill Court', '4/29/2003', '1123572917');
insert into students (id_student, id_user_fk, first_name, last_name, address, birth_date, DNI) values (39, 47, 'Faina', 'Millsap', '619 Lotheville Lane', '9/19/2019', '6045360427');
insert into students (id_student, id_user_fk, first_name, last_name, address, birth_date, DNI) values (40, 48, 'Kelly', 'Corro', '774 Huxley Circle', '1/25/2002', '1666945501');
insert into students (id_student, id_user_fk, first_name, last_name, address, birth_date, DNI) values (41, 49, 'Pia', 'Vallentin', '2 Laurel Circle', '4/23/2010', '9008875810');
insert into students (id_student, id_user_fk, first_name, last_name, address, birth_date, DNI) values (42, 50, 'Dannye', 'Pulley', '10077 Mccormick Road', '8/17/2001', '9998755972');


--- INSERT TEACHERS VALUES ---
insert into teachers (id_teacher, id_user_fk, first_name, last_name, address, birth_date, id_class) values (1, 2, 'Kerwin', 'Cuerdall', '70115 Maywood Center', '2/12/1987', 1);
insert into teachers (id_teacher, id_user_fk, first_name, last_name, address, birth_date, id_class) values (2, 3, 'Xerxes', 'Trafford', '55259 Sycamore Place', '2/3/1995', 2);
insert into teachers (id_teacher, id_user_fk, first_name, last_name, address, birth_date, id_class) values (3, 4, 'Sly', 'Enderle', '5 Longview Place', '9/20/1988', 3);
insert into teachers (id_teacher, id_user_fk, first_name, last_name, address, birth_date, id_class) values (4, 5, 'Cy', 'Champness', '98248 Esch Court', '2/7/1987', 4);
insert into teachers (id_teacher, id_user_fk, first_name, last_name, address, birth_date, id_class) values (5, 6, 'Conroy', 'Ricoald', '5516 Bartelt Trail', '2/18/1991', 5);
insert into teachers (id_teacher, id_user_fk, first_name, last_name, address, birth_date, id_class) values (6, 7, 'Nowell', 'Blasoni', '60 Raven Center', '3/28/1992', 6);
insert into teachers (id_teacher, id_user_fk, first_name, last_name, address, birth_date, id_class) values (7, 8, 'Loria', 'McAw', '535 Glacier Hill Way', '3/1/1993', 7);

--- INSERT GRADES VALUES ---
insert into grades (id_grade, id_class_fk, id_student_fk, value) values (79, 1, 24, 14);
insert into grades (id_grade, id_class_fk, id_student_fk, value) values (72, 4, 23, 36);
insert into grades (id_grade, id_class_fk, id_student_fk, value) values (32, 7, 40, 98);
insert into grades (id_grade, id_class_fk, id_student_fk, value) values (19, 4, 34, 86);
insert into grades (id_grade, id_class_fk, id_student_fk, value) values (25, 3, 20, 59);
insert into grades (id_grade, id_class_fk, id_student_fk, value) values (40, 2, 2, 16);
insert into grades (id_grade, id_class_fk, id_student_fk, value) values (97, 5, 6, 65);
insert into grades (id_grade, id_class_fk, id_student_fk, value) values (51, 8, 9, 100);
insert into grades (id_grade, id_class_fk, id_student_fk, value) values (39, 4, 33, 75);
insert into grades (id_grade, id_class_fk, id_student_fk, value) values (13, 2, 19, 1);
insert into grades (id_grade, id_class_fk, id_student_fk, value) values (3, 2, 7, 4);
insert into grades (id_grade, id_class_fk, id_student_fk, value) values (47, 5, 42, 11);
insert into grades (id_grade, id_class_fk, id_student_fk, value) values (49, 6, 8, 19);
insert into grades (id_grade, id_class_fk, id_student_fk, value) values (21, 7, 28, 99);
insert into grades (id_grade, id_class_fk, id_student_fk, value) values (82, 7, 41, 10);
insert into grades (id_grade, id_class_fk, id_student_fk, value) values (5, 4, 28, 98);
insert into grades (id_grade, id_class_fk, id_student_fk, value) values (4, 3, 12, 61);
insert into grades (id_grade, id_class_fk, id_student_fk, value) values (81, 6, 11, 64);
insert into grades (id_grade, id_class_fk, id_student_fk, value) values (77, 3, 34, 12);
insert into grades (id_grade, id_class_fk, id_student_fk, value) values (44, 4, 34, 74);
insert into grades (id_grade, id_class_fk, id_student_fk, value) values (2, 5, 33, 49);
insert into grades (id_grade, id_class_fk, id_student_fk, value) values (79, 6, 4, 40);
insert into grades (id_grade, id_class_fk, id_student_fk, value) values (54, 4, 23, 100);
insert into grades (id_grade, id_class_fk, id_student_fk, value) values (97, 2, 9, 34);
insert into grades (id_grade, id_class_fk, id_student_fk, value) values (16, 3, 28, 96);
insert into grades (id_grade, id_class_fk, id_student_fk, value) values (59, 4, 33, 27);
insert into grades (id_grade, id_class_fk, id_student_fk, value) values (79, 2, 36, 75);
insert into grades (id_grade, id_class_fk, id_student_fk, value) values (43, 1, 20, 27);
insert into grades (id_grade, id_class_fk, id_student_fk, value) values (46, 4, 15, 12);
insert into grades (id_grade, id_class_fk, id_student_fk, value) values (33, 6, 21, 59);
insert into grades (id_grade, id_class_fk, id_student_fk, value) values (33, 6, 28, 81);
insert into grades (id_grade, id_class_fk, id_student_fk, value) values (15, 8, 12, 64);
insert into grades (id_grade, id_class_fk, id_student_fk, value) values (10, 6, 24, 85);
insert into grades (id_grade, id_class_fk, id_student_fk, value) values (56, 2, 12, 37);
insert into grades (id_grade, id_class_fk, id_student_fk, value) values (100, 8, 8, 21);
insert into grades (id_grade, id_class_fk, id_student_fk, value) values (9, 4, 18, 8);
insert into grades (id_grade, id_class_fk, id_student_fk, value) values (82, 4, 19, 83);
insert into grades (id_grade, id_class_fk, id_student_fk, value) values (97, 3, 16, 56);
insert into grades (id_grade, id_class_fk, id_student_fk, value) values (94, 2, 33, 63);
insert into grades (id_grade, id_class_fk, id_student_fk, value) values (9, 7, 41, 69);
insert into grades (id_grade, id_class_fk, id_student_fk, value) values (40, 3, 18, 22);
insert into grades (id_grade, id_class_fk, id_student_fk, value) values (56, 5, 16, 16);
insert into grades (id_grade, id_class_fk, id_student_fk, value) values (42, 2, 39, 44);
insert into grades (id_grade, id_class_fk, id_student_fk, value) values (67, 7, 12, 59);
insert into grades (id_grade, id_class_fk, id_student_fk, value) values (13, 8, 10, 46);
insert into grades (id_grade, id_class_fk, id_student_fk, value) values (71, 1, 23, 40);
insert into grades (id_grade, id_class_fk, id_student_fk, value) values (82, 2, 6, 34);
insert into grades (id_grade, id_class_fk, id_student_fk, value) values (57, 5, 17, 9);
insert into grades (id_grade, id_class_fk, id_student_fk, value) values (80, 1, 2, 78);
insert into grades (id_grade, id_class_fk, id_student_fk, value) values (66, 3, 15, 75);

--- INSERT STUDENT-CLASS VALUES ---

insert into student_class (id_student_fk, id_class_fk) values (7, 6);
insert into student_class (id_student_fk, id_class_fk) values (30, 4);
insert into student_class (id_student_fk, id_class_fk) values (30, 1);
insert into student_class (id_student_fk, id_class_fk) values (39, 2);
insert into student_class (id_student_fk, id_class_fk) values (11, 1);
insert into student_class (id_student_fk, id_class_fk) values (40, 5);
insert into student_class (id_student_fk, id_class_fk) values (27, 7);
insert into student_class (id_student_fk, id_class_fk) values (11, 6);
insert into student_class (id_student_fk, id_class_fk) values (40, 7);
insert into student_class (id_student_fk, id_class_fk) values (16, 3);
insert into student_class (id_student_fk, id_class_fk) values (4, 5);
insert into student_class (id_student_fk, id_class_fk) values (29, 6);
insert into student_class (id_student_fk, id_class_fk) values (22, 7);
insert into student_class (id_student_fk, id_class_fk) values (26, 6);
insert into student_class (id_student_fk, id_class_fk) values (7, 5);
insert into student_class (id_student_fk, id_class_fk) values (39, 2);
insert into student_class (id_student_fk, id_class_fk) values (18, 7);
insert into student_class (id_student_fk, id_class_fk) values (38, 6);
insert into student_class (id_student_fk, id_class_fk) values (28, 4);
insert into student_class (id_student_fk, id_class_fk) values (20, 1);
insert into student_class (id_student_fk, id_class_fk) values (37, 2);
insert into student_class (id_student_fk, id_class_fk) values (31, 3);
insert into student_class (id_student_fk, id_class_fk) values (15, 1);
insert into student_class (id_student_fk, id_class_fk) values (7, 2);
insert into student_class (id_student_fk, id_class_fk) values (21, 2);
insert into student_class (id_student_fk, id_class_fk) values (32, 3);
insert into student_class (id_student_fk, id_class_fk) values (18, 4);
insert into student_class (id_student_fk, id_class_fk) values (8, 4);
insert into student_class (id_student_fk, id_class_fk) values (1, 4);
insert into student_class (id_student_fk, id_class_fk) values (30, 2);
insert into student_class (id_student_fk, id_class_fk) values (5, 5);
insert into student_class (id_student_fk, id_class_fk) values (29, 5);
insert into student_class (id_student_fk, id_class_fk) values (32, 4);
insert into student_class (id_student_fk, id_class_fk) values (21, 3);
insert into student_class (id_student_fk, id_class_fk) values (39, 7);
insert into student_class (id_student_fk, id_class_fk) values (7, 6);
insert into student_class (id_student_fk, id_class_fk) values (32, 4);
insert into student_class (id_student_fk, id_class_fk) values (6, 6);
insert into student_class (id_student_fk, id_class_fk) values (37, 4);
insert into student_class (id_student_fk, id_class_fk) values (31, 3);
insert into student_class (id_student_fk, id_class_fk) values (13, 2);
insert into student_class (id_student_fk, id_class_fk) values (17, 7);
insert into student_class (id_student_fk, id_class_fk) values (10, 6);
insert into student_class (id_student_fk, id_class_fk) values (1, 5);
insert into student_class (id_student_fk, id_class_fk) values (3, 7);
insert into student_class (id_student_fk, id_class_fk) values (36, 1);
insert into student_class (id_student_fk, id_class_fk) values (15, 6);
insert into student_class (id_student_fk, id_class_fk) values (14, 6);
insert into student_class (id_student_fk, id_class_fk) values (28, 2);
insert into student_class (id_student_fk, id_class_fk) values (16, 6);